{"cameraMode":{"drawMode":0,"name":"Shaded","section":"Shading Mode"},"sceneLighting":true,"audioPlay":false,"sceneViewState":{"m_AlwaysRefresh":false,"showFog":true,"showSkybox":true,"showFlares":true,"showImageEffects":true,"showParticleSystems":true,"showVisualEffectGraphs":true,"m_FxEnabled":false},"in2DMode":false,"pivot":{"x":-17.36143684387207,"y":-14.524406433105469,"z":43.80302047729492},"rotation":{"x":-0.4039882719516754,"y":-0.0031973605509847404,"z":0.0014169340720400215,"w":-0.9147694110870361},"size":71.12278747558594,"orthographic":false}