{"cameraMode":{"drawMode":0,"name":"Shaded","section":"Shading Mode"},"sceneLighting":true,"audioPlay":false,"sceneViewState":{"m_AlwaysRefresh":false,"showFog":true,"showSkybox":true,"showFlares":true,"showImageEffects":true,"showParticleSystems":true,"showVisualEffectGraphs":true,"m_FxEnabled":false},"in2DMode":false,"pivot":{"x":7.8177385330200199,"y":110.49400329589844,"z":19.859041213989259},"rotation":{"x":-0.40944236516952517,"y":-0.13438904285430909,"z":0.0611172579228878,"w":-0.9003114700317383},"size":5.247310161590576,"orthographic":false}