{"cameraMode":{"drawMode":0,"name":"Shaded","section":"Shading Mode"},"sceneLighting":true,"audioPlay":false,"sceneViewState":{"m_AlwaysRefresh":false,"showFog":true,"showSkybox":true,"showFlares":true,"showImageEffects":true,"showParticleSystems":true,"showVisualEffectGraphs":true,"m_FxEnabled":false},"in2DMode":false,"pivot":{"x":-56.77310562133789,"y":4.968083381652832,"z":-14.63515567779541},"rotation":{"x":0.0036989827640354635,"y":0.9835028052330017,"z":0.020293911918997766,"w":-0.17977426946163178},"size":21.513160705566408,"orthographic":false}