{"cameraMode":{"drawMode":0,"name":"Shaded","section":"Shading Mode"},"sceneLighting":true,"audioPlay":false,"sceneViewState":{"m_AlwaysRefresh":false,"showFog":true,"showSkybox":true,"showFlares":true,"showImageEffects":true,"showParticleSystems":true,"showVisualEffectGraphs":true,"m_FxEnabled":false},"in2DMode":false,"pivot":{"x":-20.733556747436525,"y":2.8452224731445314,"z":177.60891723632813},"rotation":{"x":-0.23594152927398683,"y":-0.14046543836593629,"z":0.034490637481212619,"w":-0.9609532356262207},"size":54.21926498413086,"orthographic":false}